{
  "ambientDependencies": {
    "es6-shim": "registry:dt/es6-shim#0.31.2+20160317120654"
  },
  "globalDependencies": {
    "jasmine": "registry:dt/jasmine#2.2.0+20160621224255",
    "body-parser": "registry:dt/body-parser#0.0.0+20160317120654",
    "compression": "registry:dt/compression#0.0.0+20160501162003",
    "cookie-parser": "registry:dt/cookie-parser#1.3.4+20160316155526",
    "es6-shim": "registry:dt/es6-shim#0.31.2+20160317120654",
    "express": "registry:dt/express#4.0.0+20160317120654",
    "express-serve-static-core": "registry:dt/express-serve-static-core#0.0.0+20160322035842",
    "mime": "registry:dt/mime#0.0.0+20160316155526",
    "serve-static": "registry:dt/serve-static#0.0.0+20160317120654"
  }
}